あついいわ,n000b.png
あつぞこブーツ,n001b.png
いのちのたま,n002b.png
エレキシード,n003b.png
おうじゃのしるし,n004b.png
おおきなねっこ,n005b.png
かいがらのすず,n006b.png
かえんだま,n007b.png
かたいいし,n008b.png
からぶりほけん,n009b.png
かるいし,n010b.png
きあいのタスキ,n011b.png
きあいのハチマキ,n012b.png
きせきのタネ,n013b.png
きゅうこん,n014b.png
きよめのおふだ,n015b.png
きれいなぬけがら,n016b.png
ぎんのこな,n017b.png
グラスシード,n018b.png
グランドコート,n019b.png
くろいてっきゅう,n020b.png
くろいヘドロ,n021b.png
くろいメガネ,n022b.png
くろおび,n023b.png
こうかくレンズ,n024b.png
こうこうのしっぽ,n025b.png
こだわりスカーフ,n026b.png
こだわりハチマキ,n027b.png
こだわりメガネ,n028b.png
ゴツゴツメット,n029b.png
サイコシード,n030b.png
さらさらいわ,n031b.png
じしゃく,n032b.png
しめつけバンド,n033b.png
しめったいわ,n034b.png
じゃくてんほけん,n035b.png
じゅうでんち,n036b.png
シルクのスカーフ,n037b.png
しろいハーブ,n038b.png
しんかのきせき,n039b.png
しんぴのしずく,n040b.png
するどいくちばし,n041b.png
せいれいプレート,n042b.png
せんせいのツメ,n043b.png
だっしゅつパック,n044b.png
だっしゅつボタン,n045b.png
たつじんのおび,n046b.png
たべのこし,n047b.png
ちからのハチマキ,n048b.png
つめたいいわ,n049b.png
どくどくだま,n050b.png
どくバリ,n051b.png
とけないこおり,n052b.png
とつげきチョッキ,n053b.png
ねばりのかぎづめ,n054b.png
ねらいのまと,n055b.png
ノーマルジュエル,n056b.png
のどスプレー,n057b.png
のろいのおふだ,n058b.png
パワフルハーブ,n059b.png
ばんのうがさ,n060b.png
ひかりごけ,n061b.png
ひかりのこな,n062b.png
ひかりのねんど,n063b.png
ビビリだま,n064b.png
ピントレンズ,n065b.png
ふうせん,n066b.png
フォーカスレンズ,n067b.png
ふといホネ,n068b.png
ぼうごパット,n069b.png
ぼうじんゴーグル,n070b.png
まがったスプーン,n071b.png
ミストシード,n072b.png
メトロノーム,n073b.png
メンタルハーブ,n074b.png
もくたん,n075b.png
ものしりメガネ,n076b.png
やわらかいすな,n077b.png
ゆきだま,n078b.png
りゅうのキバ,n079b.png
ルームサービス,n080b.png
レッドカード,n081b.png
レンブのみ,n000k.png
ジャポのみ,n001k.png
イバンのみ,n002k.png
ナゾのみ,n003k.png
ミクルのみ,n004k.png
カムラのみ,n005k.png
ソクノのみ,n006k.png
アッキのみ,n007k.png
イアのみ,n008k.png
ウイのみ,n009k.png
ウタンのみ,n010k.png
ウブのみ,n011k.png
オッカのみ,n012k.png
オボンのみ,n013k.png
オレンのみ,n014k.png
カゴのみ,n015k.png
キーのみ,n016k.png
クラボのみ,n017k.png
ザロクのみ,n018k.png
ズアのみ,n019k.png
タポルのみ,n020k.png
タラプのみ,n021k.png
タンガのみ,n022k.png
チーゴのみ,n023k.png
チイラのみ,n024k.png
ナナシのみ,n025k.png
ネコブのみ,n026k.png
ハバンのみ,n027k.png
バンジのみ,n028k.png
ビアーのみ,n029k.png
ヒメリのみ,n030k.png
フィラのみ,n031k.png
ホズのみ,n032k.png
マゴのみ,n033k.png
マトマのみ,n034k.png
モモンのみ,n035k.png
ヤタピのみ,n036k.png
ヨプのみ,n037k.png
ヨロギのみ,n038k.png
ラムのみ,n039k.png
リュガのみ,n040k.png
リリバのみ,n041k.png
リンドのみ,n042k.png
ロゼルのみ,n043k.png
ロメのみ,n044k.png
イトケのみ,n045k.png
ヤチェのみ,n046k.png
シュカのみ,n047k.png
バコウのみ,n048k.png
カシブのみ,n049k.png
ナモのみ,n050k.png
サンのみ,n051k.png
スターのみ,n052k.png
あやしいおこう,n000o.png
うしおのおこう,n001o.png
おはなのおこう,n002o.png
がんせきおこう,n003o.png
きよめのおこう,n004o.png
こううんのおこう,n005o.png
さざなみのおこう,n006o.png
のんきのおこう,n007o.png
まんぷくおこう,n008o.png
アイスメモリ,n000m.png
ウオーターメモリ,n001m.png
エレクトロメモリ,n002m.png
グラウンドメモリ,n003m.png
グラスメモリ,n004m.png
ゴーストメモリ,n005m.png
サイキックメモリ,n006m.png
スチールメモリ,n007m.png
ダークメモリ,n008m.png
ドラゴンメモリ,n009m.png
バグメモリ,n010m.png
ファイトメモリ,n011m.png
ファイヤーメモリ,n012m.png
フェアリーメモリ,n013m.png
フライングメモリ,n014m.png
ポイズンメモリ,n015m.png
ロックメモリ,n016m.png
